Date,Commodity,Wholesale,Retail,Landing
12/2/2024,Gabi (bisol),55,60,20
12/2/2024,Kamote,35,35,15
12/2/2024,Karlang,40,70,13
12/2/2024,Cassava,15,20,18
12/1/2024,Gabi (bisol),50,65,20
12/1/2024,Kamote,28,35,15
12/1/2024,Karlang,55,70,13
12/1/2024,Cassava,12,20,18
11/30/2024,Gabi (bisol),49,65,20
11/30/2024,Kamote,29,40,32
11/30/2024,Karlang,50,65,34
11/30/2024,Cassava,12,20,18
11/29/2024,Gabi (bisol),55,60,20
11/29/2024,Kamote,35,40,15
11/29/2024,Karlang,40,70,13
11/29/2024,Cassava,12,20,18
11/28/2024,Gabi (bisol),55,65,20
11/28/2024,Kamote,35,40,15
11/28/2024,Karlang,45,70,13
11/28/2024,Cassava,15,20,18
11/27/2024,Gabi (bisol),55,60,20
11/27/2024,Kamote,35,40,15
11/27/2024,Karlang,45,70,13
11/27/2024,Cassava,15,20,18
11/26/2024,Gabi (bisol),60,70,20
11/26/2024,Kamote,30,35,15
11/26/2024,Karlang,50,70,13
11/26/2024,Cassava,20,30,18
11/25/2024,Gabi (bisol),60,70,20
11/25/2024,Kamote,30,35,32
11/25/2024,Karlang,50,70,34
11/25/2024,Cassava,20,30,18
11/24/2024,Gabi (bisol),50,70,20
11/24/2024,Kamote,28,40,32
11/24/2024,Karlang,55,70,34
11/24/2024,Cassava,15,20,18
11/23/2024,Gabi (bisol),50,60,20
11/23/2024,Kamote,29,35,32
11/23/2024,Karlang,50,70,34
11/23/2024,Cassava,15,20,18
11/22/2024,Gabi (bisol),35,60,20
11/22/2024,Kamote,20,40,32
11/22/2024,Karlang,20,65,34
11/22/2024,Cassava,15,20,18
11/21/2024,Gabi (bisol),40,50,20
11/21/2024,Kamote,25,35,32
11/21/2024,Karlang,30,70,34
11/21/2024,Cassava,15,20,18
11/20/2024,Gabi (bisol),45,60,19
11/20/2024,Kamote,25,35,32
11/20/2024,Karlang,35,65,34
11/20/2024,Cassava,15,20,18
11/19/2024,Gabi (bisol),50,60,19
11/19/2024,Kamote,25,40,32
11/19/2024,Karlang,35,70,34
11/19/2024,Cassava,15,20,18
11/18/2024,Gabi (bisol),55,60,19
11/18/2024,Kamote,30,35,32
11/18/2024,Karlang,35,65,34
11/18/2024,Cassava,15,20,18
11/17/2024,Gabi (bisol),45,60,19
11/17/2024,Kamote,30,35,32
11/17/2024,Karlang,55,65,34
11/17/2024,Cassava,12,20,18
11/16/2024,Gabi (bisol),45,55,21
11/16/2024,Kamote,30,35,32
11/16/2024,Karlang,50,70,34
11/16/2024,Cassava,12,20,19
11/15/2024,Gabi (bisol),55,60,21
11/15/2024,Kamote,30,35,32
11/15/2024,Karlang,40,65,34
11/15/2024,Cassava,12,20,19
11/14/2024,Gabi (bisol),55,60,21
11/14/2024,Kamote,30,35,32
11/14/2024,Karlang,40,65,34
11/14/2024,Cassava,12,20,19
11/13/2024,Gabi (bisol),60,65,21
11/13/2024,Kamote,30,35,35
11/13/2024,Karlang,40,60,35
11/13/2024,Cassava,15,20,19
11/12/2024,Gabi (bisol),60,65,21
11/12/2024,Kamote,30,35,32
11/12/2024,Karlang,40,65,34
11/12/2024,Cassava,15,20,19
11/11/2024,Gabi (bisol),65,65,22
11/11/2024,Kamote,30,35,32
11/11/2024,Karlang,45,55,34
11/11/2024,Cassava,10,20,19
11/10/2024,Gabi (bisol),45,50,21
11/10/2024,Kamote,30,35,32
11/10/2024,Karlang,45,60,35
11/10/2024,Cassava,10,20,20
11/9/2024,Gabi (bisol),45,50,21
11/9/2024,Kamote,30,40,32
11/9/2024,Karlang,50,60,34
11/9/2024,Cassava,10,20,19
11/8/2024,Gabi (bisol),30,50,21
11/8/2024,Kamote,25,35,32
11/8/2024,Karlang,25,60,34
11/8/2024,Cassava,10,20,19
11/7/2024,Gabi (bisol),35,50,21
11/7/2024,Kamote,30,35,32
11/7/2024,Karlang,30,60,34
11/7/2024,Cassava,10,20,19
11/6/2024,Gabi (bisol),35,50,21
11/6/2024,Kamote,30,37,32
11/6/2024,Karlang,45,60,34
11/6/2024,Cassava,10,20,19
11/5/2024,Gabi (bisol),35,50,21
11/5/2024,Kamote,30,40,32
11/5/2024,Karlang,45,60,34
11/5/2024,Cassava,10,20,19
11/4/2024,Gabi (bisol),35,50,19
11/4/2024,Kamote,30,35,35
11/4/2024,Karlang,45,60,34
11/4/2024,Cassava,10,18,19
11/3/2024,Gabi (bisol),25,50,19
11/3/2024,Kamote,20,35,35
11/3/2024,Karlang,35,60,34
11/3/2024,Cassava,10,20,19
11/2/2024,Gabi (bisol),25,60,19
11/2/2024,Kamote,20,40,35
11/2/2024,Karlang,35,60,34
11/2/2024,Cassava,10,20,19
11/1/2024,Gabi (bisol),25,50,19
11/1/2024,Kamote,20,35,35
11/1/2024,Karlang,35,60,34
11/1/2024,Cassava,10,20,19
10/31/2024,Gabi (bisol),30,50,19
10/31/2024,Kamote,20,35,35
10/31/2024,Karlang,40,55,34
10/31/2024,Cassava,18,20,19
10/30/2024,Gabi (bisol),30,55,19
10/30/2024,Kamote,20,40,33
10/30/2024,Karlang,40,60,33
10/30/2024,Cassava,18,20,19
10/29/2024,Gabi (bisol),30,55,19
10/29/2024,Kamote,20,40,33
10/29/2024,Karlang,40,60,33
10/29/2024,Cassava,18,20,19
10/28/2024,Gabi (bisol),30,50,19
10/28/2024,Kamote,25,35,33
10/28/2024,Karlang,30,50,33
10/28/2024,Cassava,18,20,19
10/27/2024,Gabi (bisol),30,50,19
10/27/2024,Kamote,25,42,33
10/27/2024,Karlang,30,60,33
10/27/2024,Cassava,18,20,20
10/26/2024,Gabi (bisol),30,50,19
10/26/2024,Kamote,25,35,33
10/26/2024,Karlang,30,50,33
10/26/2024,Cassava,18,20,20
10/25/2024,Gabi (bisol),30,50,19
10/25/2024,Kamote,25,35,33
10/25/2024,Karlang,30,60,33
10/25/2024,Cassava,18,20,20
10/24/2024,Gabi (bisol),30,50,19
10/24/2024,Kamote,25,35,33
10/24/2024,Karlang,30,60,33
10/24/2024,Cassava,18,20,20
10/23/2024,Gabi (bisol),30,50,19
10/23/2024,Kamote,25,35,33
10/23/2024,Karlang,30,60,33
10/23/2024,Cassava,18,20,20
11/22/2024,Gabi (bisol),30,50,19
11/22/2024,Kamote,30,35,33
11/22/2024,Karlang,25,60,33
11/22/2024,Cassava,18,20,20
10/21/2024,Gabi (bisol),35,50,19
10/21/2024,Kamote,30,40,33
10/21/2024,Karlang,40,60,33
10/21/2024,Cassava,18,20,20
11/20/2024,Gabi (bisol),35,50,22
11/20/2024,Kamote,35,35,33
11/20/2024,Karlang,55,65,30
11/20/2024,Cassava,18,20,20
10/19/2024,Gabi (bisol),35,50,22
10/19/2024,Kamote,35,60,33
10/19/2024,Karlang,55,65,30
10/19/2024,Cassava,18,20,24
10/18/2024,Gabi (bisol),35,50,22
10/18/2024,Kamote,30,35,33
10/18/2024,Karlang,40,60,30
10/18/2024,Cassava,10,20,22
10/17/2024,Gabi (bisol),35,50,22
10/17/2024,Kamote,35,35,33
10/17/2024,Karlang,40,60,30
10/17/2024,Cassava,10,20,20
10/16/2024,Gabi (bisol),35,50,22
10/16/2024,Kamote,35,35,25
10/16/2024,Karlang,45,65,30
10/16/2024,Cassava,10,20,20
10/15/2024,Gabi (bisol),35,50,22
10/15/2024,Kamote,35,40,33
10/15/2024,Karlang,40,65,30
10/15/2024,Cassava,10,20,20
10/14/2024,Gabi (bisol),35,55,22
10/14/2024,Kamote,35,40,33
10/14/2024,Karlang,40,65,30
10/14/2024,Cassava,10,20,20
10/13/2024,Gabi (bisol),45,60,22
10/13/2024,Kamote,30,35,33
10/13/2024,Karlang,65,70,30
10/13/2024,Cassava,18,20,20
10/12/2024,Gabi (bisol),50,60,22
10/12/2024,Kamote,50,55,33
10/12/2024,Karlang,60,70,30
10/12/2024,Cassava,18,20,20
10/11/2024,Gabi (bisol),35,50,20
10/11/2024,Kamote,35,50,33
10/11/2024,Karlang,40,65,30
10/11/2024,Cassava,10,18,23
10/10/2024,Gabi (bisol),35,55,20
10/10/2024,Kamote,35,50,33
10/10/2024,Karlang,40,70,30
10/10/2024,Cassava,10,18,23
10/9/2024,Gabi (bisol),35,60,20
10/9/2024,Kamote,35,60,33
10/9/2024,Karlang,40,70,30
10/9/2024,Cassava,10,18,23
10/8/2024,Gabi (bisol),35,60,20
10/8/2024,Kamote,35,50,33
10/8/2024,Karlang,45,70,30
10/8/2024,Cassava,10,20,23
10/7/2024,Gabi (bisol),40,60,20
10/7/2024,Kamote,40,60,33
10/7/2024,Karlang,40,70,30
10/7/2024,Cassava,12,20,23
10/6/2024,Gabi (bisol),50,60,20
10/6/2024,Kamote,45,60,33
10/6/2024,Karlang,45,70,30
10/6/2024,Cassava,18,20,23
10/5/2024,Gabi (bisol),50,60,20
10/5/2024,Kamote,50,60,33
10/5/2024,Karlang,45,70,30
10/5/2024,Cassava,15,20,23
10/4/2024,Gabi (bisol),40,55,20
10/4/2024,Kamote,40,50,33
10/4/2024,Karlang,40,65,28
10/4/2024,Cassava,15,18,25
10/3/2024,Gabi (bisol),40,60,20
10/3/2024,Kamote,40,55,33
10/3/2024,Karlang,40,70,30
10/3/2024,Cassava,15,18,23
10/2/2024,Gabi (bisol),40,60,20
10/2/2024,Kamote,40,60,33
10/2/2024,Karlang,40,70,30
10/2/2024,Cassava,12,18,23
10/1/2024,Gabi (bisol),40,60,20
10/1/2024,Kamote,40,50,33
10/1/2024,Karlang,40,67,29
10/1/2024,Cassava,15,19,23
9/30/2024,Gabi (bisol),50,60,20
9/30/2024,Kamote,50,50,33
9/30/2024,Karlang,15,70,29
9/30/2024,Cassava,15,20,23
9/29/2024,Gabi (bisol),50,60,20
9/29/2024,Kamote,35,50,33
9/29/2024,Karlang,50,65,29
9/29/2024,Cassava,15,20,23
9/28/2024,Gabi (bisol),50,60,20
9/28/2024,Kamote,40,50,33
9/28/2024,Karlang,55,70,29
9/28/2024,Cassava,15,20,23
9/27/2024,Gabi (bisol),50,60,20
9/27/2024,Kamote,35,55,33
9/27/2024,Karlang,50,70,30
9/27/2024,Cassava,15,18,23
9/25/2024,Gabi (bisol),50,60,20
9/25/2024,Kamote,35,55,33
9/25/2024,Karlang,50,70,29
9/25/2024,Cassava,15,20,23
9/24/2024,Gabi (bisol),50,60,20
9/24/2024,Kamote,35,40,33
9/24/2024,Karlang,40,60,29
9/24/2024,Cassava,15,18,23
9/23/2024,Gabi (bisol),45,50,20
9/23/2024,Kamote,35,40,33
9/23/2024,Karlang,40,60,29
9/23/2024,Cassava,15,18,23
9/22/2024,Gabi (bisol),50,60,19
9/22/2024,Kamote,35,40,33
9/22/2024,Karlang,45,60,29
9/22/2024,Cassava,15,18,23
9/21/2024,Gabi (bisol),50,50,20
9/21/2024,Kamote,35,40,33
9/21/2024,Karlang,55,60,29
9/21/2024,Cassava,15,18,23
9/20/2024,Gabi (bisol),50,50,20
9/20/2024,Kamote,35,40,30
9/20/2024,Karlang,45,60,29
9/20/2024,Cassava,15,18,25
9/19/2024,Gabi (bisol),50,50,20
9/19/2024,Kamote,35,40,33
9/19/2024,Karlang,45,60,29
9/19/2024,Cassava,15,18,23
9/18/2024,Gabi (bisol),50,60,20
9/18/2024,Kamote,45,50,30
9/18/2024,Karlang,40,60,29
9/18/2024,Cassava,15,18,25
9/17/2024,Gabi (bisol),50,55,20
9/17/2024,Kamote,35,40,30
9/17/2024,Karlang,40,60,29
9/17/2024,Cassava,15,18,25
9/16/2024,Gabi (bisol),35,50,20
9/16/2024,Kamote,40,45,30
9/16/2024,Karlang,25,60,29
9/16/2024,Cassava,18,18,25
9/15/2024,Gabi (bisol),35,50,20
9/15/2024,Kamote,40,40,30
9/15/2024,Karlang,25,50,23
9/15/2024,Cassava,18,18,25
9/14/2024,Gabi (bisol),35,50,20
9/14/2024,Kamote,40,45,30
9/14/2024,Karlang,25,60,29
9/14/2024,Cassava,18,18,25
9/13/2024,Gabi (bisol),35,50,20
9/13/2024,Kamote,40,45,30
9/13/2024,Karlang,25,50,25
9/13/2024,Cassava,18,18,25
9/12/2024,Gabi (bisol),35,70,20
9/12/2024,Kamote,40,50,30
9/12/2024,Karlang,30,60,25
9/12/2024,Cassava,18,18,25
9/11/2024,Gabi (bisol),35,70,20
9/11/2024,Kamote,40,50,30
9/11/2024,Karlang,35,60,25
9/11/2024,Cassava,18,25,25
9/10/2024,Gabi (bisol),35,55,20
9/10/2024,Kamote,40,60,27
9/10/2024,Karlang,25,50,25
9/10/2024,Cassava,18,25,25
9/9/2024,Gabi (bisol),35,70,20
9/9/2024,Kamote,40,40,27
9/9/2024,Karlang,20,60,25
9/9/2024,Cassava,18,18,25
9/8/2024,Gabi (bisol),35,70,20
9/8/2024,Kamote,40,40,27
9/8/2024,Karlang,20,60,25
9/8/2024,Cassava,18,18,25
9/7/2024,Gabi (bisol),35,60,20
9/7/2024,Kamote,40,40,27
9/7/2024,Karlang,20,50,25
9/7/2024,Cassava,18,18,25
9/6/2024,Gabi (bisol),35,60,20
9/6/2024,Kamote,40,45,27
9/6/2024,Karlang,20,55,25
9/6/2024,Cassava,18,18,27
9/5/2024,Gabi (bisol),35,50,20
9/5/2024,Kamote,40,45,27
9/5/2024,Karlang,25,50,25
9/5/2024,Cassava,18,20,25
9/4/2024,Gabi (bisol),35,50,20
9/4/2024,Kamote,40,50,27
9/4/2024,Karlang,20,50,25
9/4/2024,Cassava,18,25,25
9/3/2024,Gabi (bisol),35,70,27
9/3/2024,Kamote,40,50,32
9/3/2024,Karlang,25,60,34
9/3/2024,Cassava,18,25,27
9/2/2024,Gabi (bisol),35,60,25
9/2/2024,Kamote,40,45,32
9/2/2024,Karlang,25,50,35
9/2/2024,Cassava,18,18,27
9/1/2024,Gabi (bisol),35,60,27
9/1/2024,Kamote,40,45,32
9/1/2024,Karlang,25,55,35
9/1/2024,Cassava,18,18,25
8/31/2024,Gabi (bisol),35,50,25
8/31/2024,Kamote,40,45,32
8/31/2024,Karlang,25,40,35
8/31/2024,Cassava,18,20,35
8/30/2024,Gabi (bisol),35,50,25
8/30/2024,Kamote,40,45,25
8/30/2024,Karlang,25,50,35
8/30/2024,Cassava,18,18,25
8/29/2024,Gabi (bisol),35,50,25
8/29/2024,Kamote,40,45,25
8/29/2024,Karlang,25,40,36
8/29/2024,Cassava,18,18,35
8/28/2024,Gabi (bisol),33,50,25
8/28/2024,Kamote,40,45,25
8/28/2024,Karlang,25,45,30
8/28/2024,Cassava,18,18,33
8/27/2024,Gabi (bisol),35,55,25
8/27/2024,Kamote,40,50,25
8/27/2024,Karlang,25,40,30
8/27/2024,Cassava,18,25,35
8/26/2024,Gabi (bisol),35,60,25
8/26/2024,Kamote,40,45,25
8/26/2024,Karlang,25,45,30
8/26/2024,Cassava,18,18,35
8/25/2024,Gabi (bisol),40,65,25
8/25/2024,Kamote,40,40,25
8/25/2024,Karlang,30,45,30
8/25/2024,Cassava,18,18,35
8/24/2024,Gabi (bisol),40,60,25
8/24/2024,Kamote,40,30,36
8/24/2024,Karlang,30,45,30
8/24/2024,Cassava,18,18,35
8/23/2024,Gabi (bisol),40,60,25
8/23/2024,Kamote,40,45,36
8/23/2024,Karlang,30,50,30
8/23/2024,Cassava,18,20,35
8/22/2024,Gabi (bisol),35,60,25
8/22/2024,Kamote,40,40,36
8/22/2024,Karlang,30,50,30
8/22/2024,Cassava,18,20,35
8/21/2024,Gabi (bisol),35,70,25
8/21/2024,Kamote,40,60,40
8/21/2024,Karlang,25,70,30
8/21/2024,Cassava,18,25,35
8/20/2024,Gabi (bisol),35,50,25
8/20/2024,Kamote,40,50,40
8/20/2024,Karlang,25,50,30
8/20/2024,Cassava,18,25,25
8/19/2024,Gabi (bisol),30,60,24
8/19/2024,Kamote,40,40,40
8/19/2024,Karlang,35,50,30
8/19/2024,Cassava,18,20,27
8/18/2024,Gabi (bisol),30,70,25
8/18/2024,Kamote,40,35,40
8/18/2024,Karlang,35,50,30
8/18/2024,Cassava,18,18,25
8/17/2024,Gabi (bisol),30,60,45
8/17/2024,Kamote,40,35,30
8/17/2024,Karlang,35,40,28
8/17/2024,Cassava,18,20,20
8/16/2024,Gabi (bisol),30,70,45
8/16/2024,Kamote,40,40,30
8/16/2024,Karlang,35,50,28
8/16/2024,Cassava,18,20,20
8/15/2024,Gabi (bisol),30,70,45
8/15/2024,Kamote,40,40,30
8/15/2024,Karlang,35,50,28
8/15/2024,Cassava,18,25,20
8/14/2024,Gabi (bisol),30,70,45
8/14/2024,Kamote,40,40,30
8/14/2024,Karlang,35,70,28
8/14/2024,Cassava,18,25,20
8/13/2024,Gabi (bisol),30,70,45
8/13/2024,Kamote,40,50,30
8/13/2024,Karlang,35,40,28
8/13/2024,Cassava,18,25,20
8/12/2024,Gabi (bisol),30,60,45
8/12/2024,Kamote,40,40,30
8/12/2024,Karlang,35,50,28
8/12/2024,Cassava,18,18,20
8/11/2024,Gabi (bisol),30,60,45
8/11/2024,Kamote,40,40,30
8/11/2024,Karlang,35,45,28
8/11/2024,Cassava,18,18,20
8/10/2024,Gabi (bisol),30,60,45
8/10/2024,Kamote,40,40,30
8/10/2024,Karlang,35,50,28
8/10/2024,Cassava,18,18,20
8/9/2024,Gabi (bisol),30,60,45
8/9/2024,Kamote,40,35,30
8/9/2024,Karlang,35,50,28
8/9/2024,Cassava,18,18,20
8/8/2024,Gabi (bisol),30,60,45
8/8/2024,Kamote,40,40,30
8/8/2024,Karlang,35,50,28
8/8/2024,Cassava,18,20,20
8/7/2024,Gabi (bisol),30,75,45
8/7/2024,Kamote,40,55,30
8/7/2024,Karlang,35,70,25
8/7/2024,Cassava,18,25,20
8/6/2024,Gabi (bisol),30,70,45
8/6/2024,Kamote,40,50,30
8/6/2024,Karlang,35,60,25
8/6/2024,Cassava,18,20,20
8/5/2024,Gabi (bisol),30,70,45
8/5/2024,Kamote,40,40,30
8/5/2024,Karlang,35,50,20
8/5/2024,Cassava,18,18,20
8/4/2024,Gabi (bisol),30,70,45
8/4/2024,Kamote,40,35,30
8/4/2024,Karlang,35,50,25
8/4/2024,Cassava,18,18,20
8/3/2024,Gabi (bisol),30,40,45
8/3/2024,Kamote,40,18,30
8/3/2024,Karlang,35,70,25
8/3/2024,Cassava,18,18,20
8/2/2024,Gabi (bisol),30,70,45
8/2/2024,Kamote,40,50,32
8/2/2024,Karlang,30,60,25
8/2/2024,Cassava,18,18,20
8/1/2024,Gabi (bisol),30,70,45
8/1/2024,Kamote,40,50,32
8/1/2024,Karlang,30,60,25
8/1/2024,Cassava,18,20,20
7/31/2024,Gabi (bisol),30,60,45
7/31/2024,Kamote,40,35,32
7/31/2024,Karlang,30,50,28
7/31/2024,Cassava,18,20,20
7/30/2024,Gabi (bisol),40,70,45
7/30/2024,Kamote,40,40,32
7/30/2024,Karlang,35,70,28
7/30/2024,Cassava,18,25,20
7/29/2024,Gabi (bisol),40,70,45
7/29/2024,Kamote,40,35,32
7/29/2024,Karlang,25,50,28
7/29/2024,Cassava,18,18,20
7/28/2024,Gabi (bisol),40,70,45
7/28/2024,Kamote,40,40,32
7/28/2024,Karlang,25,50,28
7/28/2024,Cassava,18,18,20
7/27/2024,Gabi (bisol),40,70,45
7/27/2024,Kamote,40,35,32
7/27/2024,Karlang,25,45,28
7/27/2024,Cassava,18,18,20
7/26/2024,Gabi (bisol),40,70,45
7/26/2024,Kamote,40,35,32
7/26/2024,Karlang,25,40,28
7/26/2024,Cassava,18,18,20
7/25/2024,Gabi (bisol),40,90,45
7/25/2024,Kamote,40,50,32
7/25/2024,Karlang,17,40,20
7/25/2024,Cassava,18,20,20
7/24/2024,Gabi (bisol),40,40,45
7/24/2024,Kamote,18,50,32
7/24/2024,Karlang,17,35,20
7/24/2024,Cassava,18,18,20
7/23/2024,Gabi (bisol),40,70,45
7/23/2024,Kamote,18,50,32
7/23/2024,Karlang,17,25,20
7/23/2024,Cassava,18,18,20
7/22/2024,Gabi (bisol),40,18,45
7/22/2024,Kamote,18,34,32
7/22/2024,Karlang,17,30,20
7/22/2024,Cassava,18,8,20
7/21/2024,Gabi (bisol),40,18,45
7/21/2024,Kamote,18,34,32
7/21/2024,Karlang,17,30,20
7/21/2024,Cassava,18,8,20
7/20/2024,Gabi (bisol),40,18,45
7/20/2024,Kamote,18,34,32
7/20/2024,Karlang,17,30,20
7/20/2024,Cassava,18,8,20
7/19/2024,Gabi (bisol),40,60,45
7/19/2024,Kamote,18,34,32
7/19/2024,Karlang,17,30,20
7/19/2024,Cassava,18,8,20
7/18/2024,Gabi (bisol),40,70,45
7/18/2024,Kamote,18,55,30
7/18/2024,Karlang,17,30,20
7/18/2024,Cassava,18,40,16
7/17/2024,Gabi (bisol),40,70,45
7/17/2024,Kamote,18,40,30
7/17/2024,Karlang,17,60,20
7/17/2024,Cassava,18,18,16
7/16/2024,Gabi (bisol),40,50,45
7/16/2024,Kamote,35,30,30
7/16/2024,Karlang,17,40,20
7/16/2024,Cassava,18,18,16
7/15/2024,Gabi (bisol),40,50,45
7/15/2024,Kamote,25,35,30
7/15/2024,Karlang,20,45,26
7/15/2024,Cassava,18,18,16
7/14/2024,Gabi (bisol),40,50,45
7/14/2024,Kamote,25,35,30
7/14/2024,Karlang,20,45,26
7/14/2024,Cassava,18,18,16
7/13/2024,Gabi (bisol),40,50,45
7/13/2024,Kamote,25,35,30
7/13/2024,Karlang,20,45,26
7/13/2024,Cassava,18,18,16
7/12/2024,Gabi (bisol),40,60,45
7/12/2024,Kamote,25,45,30
7/12/2024,Karlang,20,30,26
7/12/2024,Cassava,18,18,16
7/11/2024,Gabi (bisol),40,50,45
7/11/2024,Kamote,25,30,30
7/11/2024,Karlang,20,45,24
7/11/2024,Cassava,18,20,16
7/10/2024,Gabi (bisol),40,65,45
7/10/2024,Kamote,25,45,30
7/10/2024,Karlang,20,60,24
7/10/2024,Cassava,18,18,16
7/9/2024,Gabi (bisol),40,60,45
7/9/2024,Kamote,25,40,30
7/9/2024,Karlang,20,50,25
7/9/2024,Cassava,18,20,16
7/8/2024,Gabi (bisol),40,50,45
7/8/2024,Kamote,25,40,30
7/8/2024,Karlang,20,45,25
7/8/2024,Cassava,18,20,16
7/7/2024,Gabi (bisol),40,60,45
7/7/2024,Kamote,25,40,30
7/7/2024,Karlang,20,40,25
7/7/2024,Cassava,18,15,16
7/6/2024,Gabi (bisol),40,60,45
7/6/2024,Kamote,25,45,30
7/6/2024,Karlang,20,40,24
7/6/2024,Cassava,18,15,16
7/5/2024,Gabi (bisol),40,60,45
7/5/2024,Kamote,25,45,30
7/5/2024,Karlang,20,60,24
7/5/2024,Cassava,18,18,16
7/4/2024,Gabi (bisol),40,60,45
7/4/2024,Kamote,25,45,30
7/4/2024,Karlang,20,50,24
7/4/2024,Cassava,18,18,16
7/3/2024,Gabi (bisol),40,60,45
7/3/2024,Kamote,25,45,27
7/3/2024,Karlang,20,60,18
7/3/2024,Cassava,18,18,16
7/2/2024,Gabi (bisol),40,65,45
7/2/2024,Kamote,25,45,27
7/2/2024,Karlang,20,50,18
7/2/2024,Cassava,18,18,16
7/1/2024,Gabi (bisol),40,50,45
7/1/2024,Kamote,25,35,27
7/1/2024,Karlang,20,40,18
7/1/2024,Cassava,18,20,16
6/30/2024,Gabi (bisol),40,60,45
6/30/2024,Kamote,25,30,27
6/30/2024,Karlang,20,40,18
6/30/2024,Cassava,18,18,16
6/29/2024,Gabi (bisol),40,50,45
6/29/2024,Kamote,25,35,27
6/29/2024,Karlang,20,40,18
6/29/2024,Cassava,18,18,16
6/28/2024,Gabi (bisol),40,50,45
6/28/2024,Kamote,25,30,27
6/28/2024,Karlang,20,40,18
6/28/2024,Cassava,18,18,16
6/27/2024,Gabi (bisol),40,50,45
6/27/2024,Kamote,25,35,27
6/27/2024,Karlang,20,40,18
6/27/2024,Cassava,18,18,16
6/26/2024,Gabi (bisol),40,50,45
6/26/2024,Kamote,25,30,28
6/26/2024,Karlang,20,40,18
6/26/2024,Cassava,18,18,16
6/25/2024,Gabi (bisol),40,55,45
6/25/2024,Kamote,25,30,28
6/25/2024,Karlang,20,30,18
6/25/2024,Cassava,18,18,16
6/24/2024,Gabi (bisol),40,50,45
6/24/2024,Kamote,25,30,28
6/24/2024,Karlang,20,25,18
6/24/2024,Cassava,18,18,16
6/23/2024,Gabi (bisol),40,45,45
6/23/2024,Kamote,25,35,28
6/23/2024,Karlang,20,27,18
6/23/2024,Cassava,18,18,16
6/22/2024,Gabi (bisol),40,50,45
6/22/2024,Kamote,25,40,28
6/22/2024,Karlang,20,30,18
6/22/2024,Cassava,18,20,16
6/21/2024,Gabi (bisol),40,50,45
6/21/2024,Kamote,25,40,28
6/21/2024,Karlang,20,40,18
6/21/2024,Cassava,18,18,16
6/20/2024,Gabi (bisol),40,50,45
6/20/2024,Kamote,25,40,30
6/20/2024,Karlang,20,30,18
6/20/2024,Cassava,18,18,16
6/19/2024,Gabi (bisol),40,50,45
6/19/2024,Kamote,25,40,28
6/19/2024,Karlang,20,35,17
6/19/2024,Cassava,18,18,16
6/18/2024,Gabi (bisol),40,55,45
6/18/2024,Kamote,25,45,30
6/18/2024,Karlang,20,60,17
6/18/2024,Cassava,18,18,16
6/17/2024,Gabi (bisol),40,55,45
6/17/2024,Kamote,25,45,30
6/17/2024,Karlang,20,60,17
6/17/2024,Cassava,18,18,16
6/16/2024,Gabi (bisol),40,55,45
6/16/2024,Kamote,25,45,30
6/16/2024,Karlang,20,60,17
6/16/2024,Cassava,18,18,16
6/15/2024,Gabi (bisol),40,55,45
6/15/2024,Kamote,25,45,30
6/15/2024,Karlang,20,60,17
6/15/2024,Cassava,18,18,16
6/14/2024,Gabi (bisol),40,50,45
6/14/2024,Kamote,25,30,30
6/14/2024,Karlang,20,20,17
6/14/2024,Cassava,18,18,16
6/13/2024,Gabi (bisol),40,65,45
6/13/2024,Kamote,25,45,30
6/13/2024,Karlang,20,60,17
6/13/2024,Cassava,18,18,16
6/12/2024,Gabi (bisol),40,65,45
6/12/2024,Kamote,25,45,28
6/12/2024,Karlang,20,60,17
6/12/2024,Cassava,18,18,16
6/11/2024,Gabi (bisol),40,65,45
6/11/2024,Kamote,25,45,28
6/11/2024,Karlang,20,60,17
6/11/2024,Cassava,18,18,16
6/10/2024,Gabi (bisol),40,60,45
6/10/2024,Kamote,25,30,28
6/10/2024,Karlang,20,40,17
6/10/2024,Cassava,18,18,16
6/9/2024,Gabi (bisol),40,60,45
6/9/2024,Kamote,25,30,28
6/9/2024,Karlang,20,40,17
6/9/2024,Cassava,18,18,16
6/8/2024,Gabi (bisol),40,60,45
6/8/2024,Kamote,25,30,28
6/8/2024,Karlang,20,40,17
6/8/2024,Cassava,18,18,16
6/7/2024,Gabi (bisol),40,40,45
6/7/2024,Kamote,25,30,28
6/7/2024,Karlang,20,30,17
6/7/2024,Cassava,18,18,16
6/6/2024,Gabi (bisol),40,50,45
6/6/2024,Kamote,25,30,26
6/6/2024,Karlang,20,35,18
6/6/2024,Cassava,18,18,16
6/5/2024,Gabi (bisol),40,45,45
6/5/2024,Kamote,25,25,26
6/5/2024,Karlang,20,30,16
6/5/2024,Cassava,18,18,16
6/4/2024,Gabi (bisol),40,50,45
6/4/2024,Kamote,25,25,26
6/4/2024,Karlang,20,30,16
6/4/2024,Cassava,18,20,16
6/3/2024,Gabi (bisol),40,60,45
6/3/2024,Kamote,25,50,26
6/3/2024,Karlang,20,30,16
6/3/2024,Cassava,18,35,16
6/2/2024,Gabi (bisol),40,60,45
6/2/2024,Kamote,25,50,30
6/2/2024,Karlang,20,30,27
6/2/2024,Cassava,18,35,16
6/1/2024,Gabi (bisol),40,60,45
6/1/2024,Kamote,25,50,30
6/1/2024,Karlang,20,30,27
6/1/2024,Cassava,18,35,16
5/31/2024,Gabi (bisol),40,40,45
5/31/2024,Kamote,25,30,30
5/31/2024,Karlang,28,40,16
5/31/2024,Cassava,18,18,18
5/30/2024,Gabi (bisol),40,40,45
5/30/2024,Kamote,25,30,30
5/30/2024,Karlang,28,40,16
5/30/2024,Cassava,18,18,18
5/29/2024,Gabi (bisol),40,40,45
5/29/2024,Kamote,25,30,30
5/29/2024,Karlang,28,40,16
5/29/2024,Cassava,18,18,18
5/28/2024,Gabi (bisol),40,50,45
5/28/2024,Kamote,25,30,30
5/28/2024,Karlang,28,40,16
5/28/2024,Cassava,18,20,18
5/27/2024,Gabi (bisol),40,65,45
5/27/2024,Kamote,22,25,30
5/27/2024,Karlang,12,30,16
5/27/2024,Cassava,18,18,18
5/24/2024,Gabi (bisol),40,50,45
5/24/2024,Kamote,22,30,30
5/24/2024,Karlang,12,27,16
5/24/2024,Cassava,18,18,18
5/22/2024,Gabi (bisol),40,60,45
5/22/2024,Kamote,22,25,34
5/22/2024,Karlang,12,30,16
5/22/2024,Cassava,18,25,18
5/21/2024,Gabi (bisol),40,60,45
5/21/2024,Kamote,22,25,34
5/21/2024,Karlang,12,35,16
5/21/2024,Cassava,18,18,18
5/20/2024,Gabi (bisol),40,60,45
5/20/2024,Kamote,22,35,34
5/20/2024,Karlang,12,40,16
5/20/2024,Cassava,18,20,18
5/19/2024,Gabi (bisol),40,60,45
5/19/2024,Kamote,22,35,34
5/19/2024,Karlang,12,40,16
5/19/2024,Cassava,18,20,18
5/18/2024,Gabi (bisol),40,60,45
5/18/2024,Kamote,22,35,34
5/18/2024,Karlang,12,40,16
5/18/2024,Cassava,18,20,18
5/17/2024,Gabi (bisol),40,60,45
5/17/2024,Kamote,22,35,34
5/17/2024,Karlang,12,40,16
5/17/2024,Cassava,18,20,18
5/16/2024,Gabi (bisol),40,60,45
5/16/2024,Kamote,22,35,34
5/16/2024,Karlang,12,40,16
5/16/2024,Cassava,18,20,18
5/15/2024,Gabi (bisol),40,60,45
5/15/2024,Kamote,22,35,34
5/15/2024,Karlang,12,40,16
5/15/2024,Cassava,18,20,18
5/14/2024,Gabi (bisol),40,60,45
5/14/2024,Kamote,22,35,34
5/14/2024,Karlang,12,40,16
5/14/2024,Cassava,18,20,18
5/13/2024,Gabi (bisol),40,60,45
5/13/2024,Kamote,22,35,34
5/13/2024,Karlang,12,40,16
5/13/2024,Cassava,18,20,18
5/12/2024,Gabi (bisol),40,60,45
5/12/2024,Kamote,22,35,34
5/12/2024,Karlang,12,40,16
5/12/2024,Cassava,18,20,18
5/11/2024,Gabi (bisol),40,60,45
5/11/2024,Kamote,22,35,34
5/11/2024,Karlang,12,40,16
5/11/2024,Cassava,18,20,18
5/10/2024,Gabi (bisol),40,40,45
5/10/2024,Kamote,22,25,34
5/10/2024,Karlang,12,30,16
5/10/2024,Cassava,18,18,18
5/9/2024,Gabi (bisol),40,50,45
5/9/2024,Kamote,22,25,27
5/9/2024,Karlang,12,35,19
5/9/2024,Cassava,18,18,18
5/8/2024,Gabi (bisol),40,50,45
5/8/2024,Kamote,22,25,27
5/8/2024,Karlang,12,35,19
5/8/2024,Cassava,18,18,18
5/7/2024,Gabi (bisol),40,60,45
5/7/2024,Kamote,22,35,26
5/7/2024,Karlang,12,45,18
5/7/2024,Cassava,18,18,18
5/6/2024,Gabi (bisol),40,55,45
5/6/2024,Kamote,22,30,26
5/6/2024,Karlang,12,35,18
5/6/2024,Cassava,18,25,18
5/5/2024,Gabi (bisol),40,55,45
5/5/2024,Kamote,22,30,25
5/5/2024,Karlang,12,35,14
5/5/2024,Cassava,18,25,18
5/4/2024,Gabi (bisol),40,55,45
5/4/2024,Kamote,22,30,25
5/4/2024,Karlang,12,35,14
5/4/2024,Cassava,18,25,18
5/3/2024,Gabi (bisol),40,40,45
5/3/2024,Kamote,25,25,25
5/3/2024,Karlang,12,25,14
5/3/2024,Cassava,18,25,18
5/2/2024,Gabi (bisol),40,60,45
5/2/2024,Kamote,25,40,25
5/2/2024,Karlang,12,45,14
5/2/2024,Cassava,18,18,18
5/1/2024,Gabi (bisol),40,60,45
5/1/2024,Kamote,25,40,28
5/1/2024,Karlang,12,45,14
5/1/2024,Cassava,18,18,18
4/30/2024,Gabi (bisol),40,60,45
4/30/2024,Kamote,25,35,28
4/30/2024,Karlang,12,40,14
4/30/2024,Cassava,18,18,18
4/29/2024,Gabi (bisol),40,40,45
4/29/2024,Kamote,25,35,23
4/29/2024,Karlang,12,20,14
4/29/2024,Cassava,18,18,18
4/28/2024,Gabi (bisol),40,40,45
4/28/2024,Kamote,25,35,23
4/28/2024,Karlang,12,20,14
4/28/2024,Cassava,18,18,18
4/27/2024,Gabi (bisol),40,40,45
4/27/2024,Kamote,25,35,23
4/27/2024,Karlang,12,20,15
4/27/2024,Cassava,18,18,18
4/26/2024,Gabi (bisol),40,50,45
4/26/2024,Kamote,25,25,23
4/26/2024,Karlang,12,40,15
4/26/2024,Cassava,18,18,18
4/25/2024,Gabi (bisol),40,55,45
4/25/2024,Kamote,25,30,23
4/25/2024,Karlang,12,40,15
4/25/2024,Cassava,18,18,18
4/24/2024,Gabi (bisol),40,50,45
4/24/2024,Kamote,25,25,25
4/24/2024,Karlang,12,40,15
4/24/2024,Cassava,18,18,18
4/23/2024,Gabi (bisol),40,60,45
4/23/2024,Kamote,25,35,23
4/23/2024,Karlang,12,50,14
4/23/2024,Cassava,18,18,18
4/22/2024,Gabi (bisol),40,60,45
4/22/2024,Kamote,25,30,23
4/22/2024,Karlang,12,45,14
4/22/2024,Cassava,18,18,18
4/21/2024,Gabi (bisol),40,60,45
4/21/2024,Kamote,25,30,20
4/21/2024,Karlang,12,45,14
4/21/2024,Cassava,18,18,18
4/20/2024,Gabi (bisol),40,60,45
4/20/2024,Kamote,25,30,20
4/20/2024,Karlang,12,45,14
4/20/2024,Cassava,18,18,18
4/19/2024,Gabi (bisol),40,50,45
4/19/2024,Kamote,20,25,20
4/19/2024,Karlang,12,40,14
4/19/2024,Cassava,18,18,18
4/18/2024,Gabi (bisol),40,60,45
4/18/2024,Kamote,20,30,20
4/18/2024,Karlang,12,40,14
4/18/2024,Cassava,18,18,18
4/17/2024,Gabi (bisol),40,50,45
4/17/2024,Kamote,20,25,21
4/17/2024,Karlang,12,40,13
4/17/2024,Cassava,18,18,18
4/16/2024,Gabi (bisol),40,60,45
4/16/2024,Kamote,20,35,21
4/16/2024,Karlang,12,40,13
4/16/2024,Cassava,18,18,18
4/15/2024,Gabi (bisol),40,55,45
4/15/2024,Kamote,20,35,21
4/15/2024,Karlang,12,35,14
4/15/2024,Cassava,18,18,18
4/14/2024,Gabi (bisol),40,60,45
4/14/2024,Kamote,20,35,21
4/14/2024,Karlang,12,35,14
4/14/2024,Cassava,18,18,18
4/13/2024,Gabi (bisol),40,60,45
4/13/2024,Kamote,20,35,21
4/13/2024,Karlang,12,35,14
4/13/2024,Cassava,18,18,18
4/12/2024,Gabi (bisol),40,60,45
4/12/2024,Kamote,22,30,21
4/12/2024,Karlang,27,40,14
4/12/2024,Cassava,18,18,18
4/11/2024,Gabi (bisol),40,50,45
4/11/2024,Kamote,22,35,16
4/11/2024,Karlang,27,40,14
4/11/2024,Cassava,18,18,18
4/10/2024,Gabi (bisol),40,50,45
4/10/2024,Kamote,22,35,16
4/10/2024,Karlang,27,40,14
4/10/2024,Cassava,18,18,18
4/9/2024,Gabi (bisol),40,50,45
4/9/2024,Kamote,22,35,16
4/9/2024,Karlang,27,40,12
4/9/2024,Cassava,18,18,18
4/8/2024,Gabi (bisol),40,60,45
4/8/2024,Kamote,20,35,16
4/8/2024,Karlang,18,30,12
4/8/2024,Cassava,18,18,18
4/7/2024,Gabi (bisol),40,60,45
4/7/2024,Kamote,20,35,16
4/7/2024,Karlang,18,30,12
4/7/2024,Cassava,18,18,18
4/6/2024,Gabi (bisol),40,60,45
4/6/2024,Kamote,20,35,16
4/6/2024,Karlang,18,30,12
4/6/2024,Cassava,18,18,18
4/5/2024,Gabi (bisol),40,40,45
4/5/2024,Kamote,30,25,16
4/5/2024,Karlang,30,25,12
4/5/2024,Cassava,18,18,18
4/4/2024,Gabi (bisol),40,70,45
4/4/2024,Kamote,30,35,16
4/4/2024,Karlang,30,40,12
4/4/2024,Cassava,18,18,18
4/3/2024,Gabi (bisol),40,40,45
4/3/2024,Kamote,30,25,16
4/3/2024,Karlang,30,25,12
4/3/2024,Cassava,18,18,18
4/2/2024,Gabi (bisol),40,65,45
4/2/2024,Kamote,30,40,16
4/2/2024,Karlang,30,40,12
4/2/2024,Cassava,18,18,18
4/1/2024,Gabi (bisol),40,65,45
4/1/2024,Kamote,30,40,20
4/1/2024,Karlang,30,40,13
4/1/2024,Cassava,18,18,18
3/31/2024,Gabi (bisol),40,60,45
3/31/2024,Kamote,18,25,20
3/31/2024,Karlang,18,40,13
3/31/2024,Cassava,18,18,18
3/30/2024,Gabi (bisol),40,60,45
3/30/2024,Kamote,18,25,20
3/30/2024,Karlang,18,40,15
3/30/2024,Cassava,18,18,18
3/29/2024,Gabi (bisol),40,60,45
3/29/2024,Kamote,18,25,20
3/29/2024,Karlang,18,40,15
3/29/2024,Cassava,18,18,18
3/28/2024,Gabi (bisol),40,60,45
3/28/2024,Kamote,18,25,20
3/28/2024,Karlang,18,40,15
3/28/2024,Cassava,18,18,18
3/27/2024,Gabi (bisol),40,60,45
3/27/2024,Kamote,18,25,20
3/27/2024,Karlang,18,40,15
3/27/2024,Cassava,18,18,18
3/26/2024,Gabi (bisol),40,60,45
3/26/2024,Kamote,18,40,20
3/26/2024,Karlang,18,40,15
3/26/2024,Cassava,18,18,18
3/25/2024,Gabi (bisol),40,60,16
3/25/2024,Kamote,18,40,22
3/25/2024,Karlang,18,40,13
3/25/2024,Cassava,18,18,18
3/24/2024,Gabi (bisol),40,60,16
3/24/2024,Kamote,18,40,22
3/24/2024,Karlang,18,40,13
3/24/2024,Cassava,18,18,18
3/23/2024,Gabi (bisol),40,60,16
3/23/2024,Kamote,18,40,22
3/23/2024,Karlang,18,40,13
3/23/2024,Cassava,18,18,18
3/22/2024,Gabi (bisol),40,60,16
3/22/2024,Kamote,18,40,22
3/22/2024,Karlang,18,40,13
3/22/2024,Cassava,18,18,18
3/21/2024,Gabi (bisol),40,60,16
3/21/2024,Kamote,20,40,22
3/21/2024,Karlang,18,45,13
3/21/2024,Cassava,18,18,18
3/20/2024,Gabi (bisol),40,55,16
3/20/2024,Kamote,20,25,20
3/20/2024,Karlang,18,40,14
3/20/2024,Cassava,18,18,18
3/19/2024,Gabi (bisol),40,70,16
3/19/2024,Kamote,20,35,20
3/19/2024,Karlang,18,40,14
3/19/2024,Cassava,18,18,18
3/18/2024,Gabi (bisol),40,65,16
3/18/2024,Kamote,20,40,20
3/18/2024,Karlang,18,25,14
3/18/2024,Cassava,18,18,18
3/17/2024,Gabi (bisol),40,60,16
3/17/2024,Kamote,20,35,20
3/17/2024,Karlang,18,40,14
3/17/2024,Cassava,18,18,18
3/16/2024,Gabi (bisol),40,60,16
3/16/2024,Kamote,20,35,20
3/16/2024,Karlang,18,40,14
3/16/2024,Cassava,18,18,18
3/15/2024,Gabi (bisol),40,60,16
3/15/2024,Kamote,20,35,20
3/15/2024,Karlang,18,50,14
3/15/2024,Cassava,18,18,18
3/14/2024,Gabi (bisol),40,60,16
3/14/2024,Kamote,20,35,20
3/14/2024,Karlang,18,40,14
3/14/2024,Cassava,18,18,18
3/13/2024,Gabi (bisol),40,65,16
3/13/2024,Kamote,20,35,20
3/13/2024,Karlang,18,45,14
3/13/2024,Cassava,18,18,18
3/12/2024,Gabi (bisol),40,60,16
3/12/2024,Kamote,20,30,20
3/12/2024,Karlang,18,30,14
3/12/2024,Cassava,18,20,18
3/11/2024,Gabi (bisol),40,40,16
3/11/2024,Kamote,20,40,20
3/11/2024,Karlang,18,30,12
3/11/2024,Cassava,18,18,20
3/10/2024,Gabi (bisol),40,40,16
3/10/2024,Kamote,20,40,20
3/10/2024,Karlang,18,30,12
3/10/2024,Cassava,18,18,20
3/9/2024,Gabi (bisol),40,40,16
3/9/2024,Kamote,20,40,20
3/9/2024,Karlang,18,30,12
3/9/2024,Cassava,18,18,20
3/8/2024,Gabi (bisol),40,40,16
3/8/2024,Kamote,20,40,20
3/8/2024,Karlang,18,30,12
3/8/2024,Cassava,18,18,20
3/7/2024,Gabi (bisol),40,60,16
3/7/2024,Kamote,20,30,20
3/7/2024,Karlang,18,30,12
3/7/2024,Cassava,18,20,20
3/6/2024,Gabi (bisol),40,60,16
3/6/2024,Kamote,20,35,20
3/6/2024,Karlang,18,45,12
3/6/2024,Cassava,18,18,19
3/5/2024,Gabi (bisol),40,60,16
3/5/2024,Kamote,20,40,20
3/5/2024,Karlang,18,45,12
3/5/2024,Cassava,18,18,19
3/4/2024,Gabi (bisol),40,60,16
3/4/2024,Kamote,20,40,20
3/4/2024,Karlang,18,45,12
3/4/2024,Cassava,18,18,19
3/3/2024,Gabi (bisol),40,60,16
3/3/2024,Kamote,20,40,20
3/3/2024,Karlang,18,45,12
3/3/2024,Cassava,18,18,19
3/2/2024,Gabi (bisol),40,60,16
3/2/2024,Kamote,20,40,20
3/2/2024,Karlang,18,45,12
3/2/2024,Cassava,18,18,19
3/1/2024,Gabi (bisol),40,55,16
3/1/2024,Kamote,20,40,20
3/1/2024,Karlang,18,45,12
3/1/2024,Cassava,18,18,19
2/29/2024,Gabi (bisol),40,60,16
2/29/2024,Kamote,20,30,18
2/29/2024,Karlang,18,25,12
2/29/2024,Cassava,18,18,20
2/28/2024,Gabi (bisol),40,70,16
2/28/2024,Kamote,26,35,18
2/28/2024,Karlang,28,50,12
2/28/2024,Cassava,18,18,20
2/27/2024,Gabi (bisol),40,65,16
2/27/2024,Kamote,26,35,18
2/27/2024,Karlang,28,50,12
2/27/2024,Cassava,18,18,20
2/26/2024,Gabi (bisol),40,65,16
2/26/2024,Kamote,26,35,18
2/26/2024,Karlang,28,50,12
2/26/2024,Cassava,18,18,20
2/25/2024,Gabi (bisol),40,65,16
2/25/2024,Kamote,26,35,18
2/25/2024,Karlang,28,50,12
2/25/2024,Cassava,18,18,20
2/24/2024,Gabi (bisol),40,65,16
2/24/2024,Kamote,26,35,18
2/24/2024,Karlang,28,50,12
2/24/2024,Cassava,18,80,20
2/23/2024,Gabi (bisol),40,35,16
2/23/2024,Kamote,26,50,17
2/23/2024,Karlang,28,18,22
2/23/2024,Cassava,18,18,20
2/22/2024,Gabi (bisol),40,50,16
2/22/2024,Kamote,26,35,17
2/22/2024,Karlang,28,35,22
2/22/2024,Cassava,18,18,20
2/21/2024,Gabi (bisol),40,65,16
2/21/2024,Kamote,26,35,17
2/21/2024,Karlang,28,50,22
2/21/2024,Cassava,18,18,20
2/20/2024,Gabi (bisol),40,65,16
2/20/2024,Kamote,26,35,17
2/20/2024,Karlang,28,35,22
2/20/2024,Cassava,18,80,20
2/19/2024,Gabi (bisol),40,35,16
2/19/2024,Kamote,35,50,20
2/19/2024,Karlang,22,18,14
2/19/2024,Cassava,18,80,20
2/18/2024,Gabi (bisol),30,35,16
2/18/2024,Kamote,25,50,20
2/18/2024,Karlang,22,18,14
2/18/2024,Cassava,18,80,20
2/17/2024,Gabi (bisol),30,35,16
2/17/2024,Kamote,25,50,20
2/17/2024,Karlang,22,18,14
2/17/2024,Cassava,18,80,20
2/16/2024,Gabi (bisol),30,35,16
2/16/2024,Kamote,25,50,20
2/16/2024,Karlang,22,18,14
2/16/2024,Cassava,18,35,20
2/15/2024,Gabi (bisol),30,50,16
2/15/2024,Kamote,25,30,20
2/15/2024,Karlang,22,40,14
2/15/2024,Cassava,18,35,20
2/14/2024,Gabi (bisol),30,50,16
2/14/2024,Kamote,25,18,20
2/14/2024,Karlang,22,35,14
2/14/2024,Cassava,18,47,20
2/13/2024,Gabi (bisol),30,50,16
2/13/2024,Kamote,25,30,17
2/13/2024,Karlang,22,20,14
2/13/2024,Cassava,18,35,20
2/12/2024,Gabi (bisol),30,50,16
2/12/2024,Kamote,25,30,17
2/12/2024,Karlang,28,35,14
2/12/2024,Cassava,18,18,20
2/11/2024,Gabi (bisol),30,18,16
2/11/2024,Kamote,20,40,16
2/11/2024,Karlang,25,45,19
2/11/2024,Cassava,18,20,20
2/10/2024,Gabi (bisol),30,35,16
2/10/2024,Kamote,20,40,16
2/10/2024,Karlang,25,45,19
2/10/2024,Cassava,18,20,20
2/9/2024,Gabi (bisol),30,35,16
2/9/2024,Kamote,20,40,16
2/9/2024,Karlang,25,45,19
2/9/2024,Cassava,18,20,20
2/8/2024,Gabi (bisol),30,47,16
2/8/2024,Kamote,20,40,16
2/8/2024,Karlang,25,45,19
2/8/2024,Cassava,18,20,20
2/7/2024,Gabi (bisol),30,35,16
2/7/2024,Kamote,17,47,16
2/7/2024,Karlang,16,25,19
2/7/2024,Cassava,18,18,20
2/6/2024,Gabi (bisol),30,35,16
2/6/2024,Kamote,17,40,19
2/6/2024,Karlang,16,50,19
2/6/2024,Cassava,18,18,20
2/5/2024,Gabi (bisol),30,35,16
2/5/2024,Kamote,17,40,19
2/5/2024,Karlang,16,60,19
2/5/2024,Cassava,18,35,20
2/4/2024,Gabi (bisol),30,50,16
2/4/2024,Kamote,17,18,19
2/4/2024,Karlang,16,60,19
2/4/2024,Cassava,18,35,20
2/3/2024,Gabi (bisol),30,50,16
2/3/2024,Kamote,17,18,19
2/3/2024,Karlang,16,60,19
2/3/2024,Cassava,18,35,20
2/2/2024,Gabi (bisol),30,50,16
2/2/2024,Kamote,17,18,19
2/2/2024,Karlang,16,60,19
2/2/2024,Cassava,18,35,20
2/1/2024,Gabi (bisol),30,50,16
2/1/2024,Kamote,17,40,19
2/1/2024,Karlang,16,20,19
2/1/2024,Cassava,18,18,20
1/31/2024,Gabi (bisol),30,30,16
1/31/2024,Kamote,17,25,19
1/31/2024,Karlang,16,40,19
1/31/2024,Cassava,18,20,20
1/30/2024,Gabi (bisol),30,30,20
1/30/2024,Kamote,17,25,17
1/30/2024,Karlang,16,40,14
1/30/2024,Cassava,18,20,20
1/29/2024,Gabi (bisol),30,30,20
1/29/2024,Kamote,17,25,17
1/29/2024,Karlang,16,40,14
1/29/2024,Cassava,18,20,20
1/28/2024,Gabi (bisol),30,30,20
1/28/2024,Kamote,17,25,17
1/28/2024,Karlang,16,40,14
1/28/2024,Cassava,18,20,20
1/27/2024,Gabi (bisol),30,30,20
1/27/2024,Kamote,17,25,17
1/27/2024,Karlang,16,40,14
1/27/2024,Cassava,18,20,20
1/26/2024,Gabi (bisol),30,60,20
1/26/2024,Kamote,17,35,17
1/26/2024,Karlang,16,50,14
1/26/2024,Cassava,18,18,20
1/25/2024,Gabi (bisol),30,40,20
1/25/2024,Kamote,17,30,17
1/25/2024,Karlang,16,50,14
1/25/2024,Cassava,18,18,20
1/24/2024,Gabi (bisol),30,60,20
1/24/2024,Kamote,17,35,17
1/24/2024,Karlang,16,50,14
1/24/2024,Cassava,18,18,20
1/23/2024,Gabi (bisol),30,60,20
1/23/2024,Kamote,17,35,17
1/23/2024,Karlang,16,50,14
1/23/2024,Cassava,18,18,20
1/22/2024,Gabi (bisol),30,60,20
1/22/2024,Kamote,17,35,17
1/22/2024,Karlang,16,50,14
1/22/2024,Cassava,18,18,20
1/21/2024,Gabi (bisol),30,60,20
1/21/2024,Kamote,17,35,17
1/21/2024,Karlang,16,50,14
1/21/2024,Cassava,18,18,20
1/20/2024,Gabi (bisol),30,60,20
1/20/2024,Kamote,17,35,17
1/20/2024,Karlang,16,50,14
1/20/2024,Cassava,18,18,20
1/19/2024,Gabi (bisol),30,60,20
1/19/2024,Kamote,17,35,17
1/19/2024,Karlang,16,50,14
1/19/2024,Cassava,18,18,20
1/18/2024,Gabi (bisol),30,60,20
1/18/2024,Kamote,17,35,17
1/18/2024,Karlang,16,50,14
1/18/2024,Cassava,18,18,20
1/17/2024,Gabi (bisol),30,35,20
1/17/2024,Kamote,17,30,17
1/17/2024,Karlang,16,40,14
1/17/2024,Cassava,18,18,20
1/16/2024,Gabi (bisol),30,35,20
1/16/2024,Kamote,17,30,20
1/16/2024,Karlang,16,40,18
1/16/2024,Cassava,18,18,20
1/15/2024,Gabi (bisol),30,70,20
1/15/2024,Kamote,17,30,20
1/15/2024,Karlang,16,40,18
1/15/2024,Cassava,18,18,20
1/14/2024,Gabi (bisol),30,35,20
1/14/2024,Kamote,17,30,18
1/14/2024,Karlang,16,40,20
1/14/2024,Cassava,18,18,14
1/13/2024,Gabi (bisol),30,35,20
1/13/2024,Kamote,17,30,18
1/13/2024,Karlang,16,40,20
1/13/2024,Cassava,18,18,14
1/12/2024,Gabi (bisol),30,70,20
1/12/2024,Kamote,17,35,18
1/12/2024,Karlang,16,50,20
1/12/2024,Cassava,18,18,14
1/11/2024,Gabi (bisol),30,70,20
1/11/2024,Kamote,17,30,18
1/11/2024,Karlang,16,40,15
1/11/2024,Cassava,18,18,14
1/10/2024,Gabi (bisol),30,70,20
1/10/2024,Kamote,17,30,18
1/10/2024,Karlang,16,40,15
1/10/2024,Cassava,18,18,14
1/9/2024,Gabi (bisol),30,70,20
1/9/2024,Kamote,17,30,18
1/9/2024,Karlang,16,40,15
1/9/2024,Cassava,18,18,14
1/8/2024,Gabi (bisol),30,70,20
1/8/2024,Kamote,17,30,18
1/8/2024,Karlang,16,40,15
1/8/2024,Cassava,18,18,14
1/7/2024,Gabi (bisol),30,70,20
1/7/2024,Kamote,17,30,18
1/7/2024,Karlang,16,40,15
1/7/2024,Cassava,18,18,14
1/6/2024,Gabi (bisol),30,70,20
1/6/2024,Kamote,17,30,18
1/6/2024,Karlang,16,40,15
1/6/2024,Cassava,18,18,14
1/5/2024,Gabi (bisol),30,70,20
1/5/2024,Kamote,17,30,18
1/5/2024,Karlang,16,40,15
1/5/2024,Cassava,18,18,14
1/4/2024,Gabi (bisol),30,70,20
1/4/2024,Kamote,17,30,18
1/4/2024,Karlang,16,40,15
1/4/2024,Cassava,18,18,14
1/3/2024,Gabi (bisol),30,70,20
1/3/2024,Kamote,17,30,18
1/3/2024,Karlang,16,40,15
1/3/2024,Cassava,18,18,14
1/2/2024,Gabi (bisol),30,70,20
1/2/2024,Kamote,17,30,18
1/2/2024,Karlang,16,40,15
1/2/2024,Cassava,18,18,14
1/1/2024,Gabi (bisol),30,70,20
1/1/2024,Kamote,17,30,18
1/1/2024,Karlang,16,40,15
1/1/2024,Cassava,18,18,14
12/31/2023,Gabi (bisol),30,70,20
12/31/2023,Kamote,17,35,18
12/31/2023,Karlang,16,50,15
12/31/2023,Cassava,18,18,14
12/30/2023,Gabi (bisol),30,70,20
12/30/2023,Kamote,17,35,20
12/30/2023,Karlang,16,50,14
12/30/2023,Cassava,18,18,14
12/29/2023,Gabi (bisol),30,70,20
12/29/2023,Kamote,17,35,20
12/29/2023,Karlang,16,50,14
12/29/2023,Cassava,18,18,14
12/28/2023,Gabi (bisol),30,70,20
12/28/2023,Kamote,17,35,20
12/28/2023,Karlang,16,50,14
12/28/2023,Cassava,18,18,14
12/27/2023,Gabi (bisol),30,70,20
12/27/2023,Kamote,17,35,20
12/27/2023,Karlang,16,50,14
12/27/2023,Cassava,18,18,14
12/26/2023,Gabi (bisol),30,70,20
12/26/2023,Kamote,17,35,20
12/26/2023,Karlang,16,50,14
12/26/2023,Cassava,18,18,14
12/25/2023,Gabi (bisol),30,70,20
12/25/2023,Kamote,17,35,20
12/25/2023,Karlang,16,50,14
12/25/2023,Cassava,18,18,14
12/24/2023,Gabi (bisol),30,70,20
12/24/2023,Kamote,17,35,20
12/24/2023,Karlang,16,50,14
12/24/2023,Cassava,18,18,14
12/23/2023,Gabi (bisol),30,70,20
12/23/2023,Kamote,17,35,20
12/23/2023,Karlang,16,50,14
12/23/2023,Cassava,18,18,14
12/22/2023,Gabi (bisol),30,70,20
12/22/2023,Kamote,17,35,20
12/22/2023,Karlang,16,50,14
12/22/2023,Cassava,18,18,14
12/21/2023,Gabi (bisol),30,70,20
12/21/2023,Kamote,17,35,20
12/21/2023,Karlang,16,50,14
12/21/2023,Cassava,18,18,14
12/20/2023,Gabi (bisol),30,70,20
12/20/2023,Kamote,17,35,20
12/20/2023,Karlang,16,50,14
12/20/2023,Cassava,18,18,14
12/19/2023,Gabi (bisol),30,70,20
12/19/2023,Kamote,17,35,20
12/19/2023,Karlang,16,50,14
12/19/2023,Cassava,18,18,14
12/18/2023,Gabi (bisol),30,70,20
12/18/2023,Kamote,17,35,20
12/18/2023,Karlang,16,50,14
12/18/2023,Cassava,18,18,14
12/17/2023,Gabi (bisol),30,70,20
12/17/2023,Kamote,17,35,20
12/17/2023,Karlang,16,50,14
12/17/2023,Cassava,18,18,14
12/16/2023,Gabi (bisol),30,70,20
12/16/2023,Kamote,17,35,20
12/16/2023,Karlang,16,50,14
12/16/2023,Cassava,18,18,14
12/15/2023,Gabi (bisol),30,70,20
12/15/2023,Kamote,17,35,20
12/15/2023,Karlang,16,50,14
12/15/2023,Cassava,18,18,14
12/14/2023,Gabi (bisol),30,50,20
12/14/2023,Kamote,25,30,20
12/14/2023,Karlang,25,40,14
12/14/2023,Cassava,20,15,14
12/13/2023,Gabi (bisol),30,35,20
12/13/2023,Kamote,17,45,20
12/13/2023,Karlang,16,18,14
12/13/2023,Cassava,18,60,14
12/12/2023,Gabi (bisol),30,35,20
12/12/2023,Kamote,17,40,20
12/12/2023,Karlang,16,18,14
12/12/2023,Cassava,18,60,14
12/11/2023,Gabi (bisol),30,35,20
12/11/2023,Kamote,25,40,20
12/11/2023,Karlang,25,18,14
12/11/2023,Cassava,20,60,14
12/10/2023,Gabi (bisol),30,35,20
12/10/2023,Kamote,17,40,20
12/10/2023,Karlang,16,18,14
12/10/2023,Cassava,18,60,14
12/9/2023,Gabi (bisol),30,35,20
12/9/2023,Kamote,17,40,20
12/9/2023,Karlang,16,18,14
12/9/2023,Cassava,18,60,14
12/8/2023,Gabi (bisol),30,35,20
12/8/2023,Kamote,17,40,20
12/8/2023,Karlang,16,35,14
12/8/2023,Cassava,18,18,14
12/7/2023,Gabi (bisol),30,60,20
12/7/2023,Kamote,24,20,20
12/7/2023,Karlang,20,20,14
12/7/2023,Cassava,18,18,14
12/6/2023,Gabi (bisol),30,60,20
12/6/2023,Kamote,24,20,20
12/6/2023,Karlang,20,20,30
12/6/2023,Cassava,18,18,14
12/5/2023,Gabi (bisol),30,60,20
12/5/2023,Kamote,24,20,20
12/5/2023,Karlang,20,20,30
12/5/2023,Cassava,18,18,14
12/4/2023,Gabi (bisol),30,60,20
12/4/2023,Kamote,24,20,20
12/4/2023,Karlang,20,20,30
12/4/2023,Cassava,18,18,14
12/3/2023,Gabi (bisol),30,60,20
12/3/2023,Kamote,24,20,20
12/3/2023,Karlang,20,20,30
12/3/2023,Cassava,18,18,14
12/2/2023,Gabi (bisol),30,60,20
12/2/2023,Kamote,24,20,20
12/2/2023,Karlang,20,20,30
12/2/2023,Cassava,18,18,14
12/1/2023,Gabi (bisol),30,60,20
12/1/2023,Kamote,24,20,20
12/1/2023,Karlang,20,20,30
12/1/2023,Cassava,18,18,14
11/30/2023,Gabi (bisol),30,60,20
11/30/2023,Kamote,24,24,20
11/30/2023,Karlang,20,20,14
11/30/2023,Cassava,18,18,18
11/29/2023,Gabi (bisol),30,60,20
11/29/2023,Kamote,24,20,20
11/29/2023,Karlang,20,20,14
11/29/2023,Cassava,18,18,18
11/28/2023,Gabi (bisol),30,45,20
11/28/2023,Kamote,24,18,20
11/28/2023,Karlang,20,60,14
11/28/2023,Cassava,18,35,18
11/27/2023,Gabi (bisol),30,47,20
11/27/2023,Kamote,30,20,20
11/27/2023,Karlang,25,20,14
11/27/2023,Cassava,18,18,18
11/26/2023,Gabi (bisol),30,60,20
11/26/2023,Kamote,30,20,20
11/26/2023,Karlang,25,20,14
11/26/2023,Cassava,18,18,18
11/25/2023,Gabi (bisol),30,60,14
11/25/2023,Kamote,30,20,20
11/25/2023,Karlang,25,20,14
11/25/2023,Cassava,18,18,18
11/24/2023,Gabi (bisol),30,60,14
11/24/2023,Kamote,30,20,20
11/24/2023,Karlang,25,20,14
11/24/2023,Cassava,18,18,18
11/23/2023,Gabi (bisol),30,60,14
11/23/2023,Kamote,30,20,20
11/23/2023,Karlang,25,20,14
11/23/2023,Cassava,18,18,18
11/22/2023,Gabi (bisol),30,60,20
11/22/2023,Kamote,30,30,18
11/22/2023,Karlang,25,30,14
11/22/2023,Cassava,18,18,18
11/21/2023,Gabi (bisol),30,60,20
11/21/2023,Kamote,30,35,18
11/21/2023,Karlang,25,45,14
11/21/2023,Cassava,18,18,18
11/20/2023,Gabi (bisol),30,60,20
11/20/2023,Kamote,30,30,18
11/20/2023,Karlang,15,30,14
11/20/2023,Cassava,18,18,18
11/19/2023,Gabi (bisol),30,60,20
11/19/2023,Kamote,30,30,18
11/19/2023,Karlang,15,30,14
11/19/2023,Cassava,18,18,18
11/18/2023,Gabi (bisol),30,60,20
11/18/2023,Kamote,30,30,18
11/18/2023,Karlang,15,30,14
11/18/2023,Cassava,18,18,20
11/17/2023,Gabi (bisol),30,60,20
11/17/2023,Kamote,30,30,20
11/17/2023,Karlang,15,20,14
11/17/2023,Cassava,18,20,21
11/16/2023,Gabi (bisol),30,35,20
11/16/2023,Kamote,30,45,20
11/16/2023,Karlang,15,18,14
11/16/2023,Cassava,18,60,21
11/15/2023,Gabi (bisol),30,35,20
11/15/2023,Kamote,30,25,20
11/15/2023,Karlang,15,20,14
11/15/2023,Cassava,18,30,21
11/14/2023,Gabi (bisol),30,60,14
11/14/2023,Kamote,30,30,22
11/14/2023,Karlang,15,20,28
11/14/2023,Cassava,18,28,21
11/13/2023,Gabi (bisol),30,60,14
11/13/2023,Kamote,30,30,22
11/13/2023,Karlang,15,20,28
11/13/2023,Cassava,18,28,21
11/12/2023,Gabi (bisol),30,60,14
11/12/2023,Kamote,30,30,21
11/12/2023,Karlang,15,20,28
11/12/2023,Cassava,18,28,21
11/11/2023,Gabi (bisol),30,60,14
11/11/2023,Kamote,30,30,22
11/11/2023,Karlang,15,20,28
11/11/2023,Cassava,18,28,14
11/10/2023,Gabi (bisol),30,60,14
11/10/2023,Kamote,30,30,21
11/10/2023,Karlang,15,20,28
11/10/2023,Cassava,18,15,21
11/9/2023,Gabi (bisol),30,40,14
11/9/2023,Kamote,30,18,21
11/9/2023,Karlang,15,20,14
11/9/2023,Cassava,18,50,15
11/8/2023,Gabi (bisol),30,40,21
11/8/2023,Kamote,25,25,20
11/8/2023,Karlang,20,20,18
11/8/2023,Cassava,18,15,14
11/7/2023,Gabi (bisol),30,70,14
11/7/2023,Kamote,25,30,18
11/7/2023,Karlang,20,20,14
11/7/2023,Cassava,18,20,20
11/6/2023,Gabi (bisol),30,70,18
11/6/2023,Kamote,25,40,14
11/6/2023,Karlang,20,18,14
11/6/2023,Cassava,18,20,20
11/5/2023,Gabi (bisol),30,70,20
11/5/2023,Kamote,25,30,18
11/5/2023,Karlang,20,20,14
11/5/2023,Cassava,15,20,14
11/4/2023,Gabi (bisol),30,70,20
11/4/2023,Kamote,25,30,18
11/4/2023,Karlang,20,20,14
11/4/2023,Cassava,15,20,14
11/3/2023,Gabi (bisol),30,70,20
11/3/2023,Kamote,25,30,18
11/3/2023,Karlang,20,20,14
11/3/2023,Cassava,15,20,20
11/2/2023,Gabi (bisol),30,70,20
11/2/2023,Kamote,25,30,14
11/2/2023,Karlang,20,20,14
11/2/2023,Cassava,15,20,20
11/1/2023,Gabi (bisol),30,70,20
11/1/2023,Kamote,25,30,14
11/1/2023,Karlang,20,20,14
11/1/2023,Cassava,15,20,20
10/31/2023,Gabi (bisol),30,60,20
10/31/2023,Kamote,30,30,14
10/31/2023,Karlang,25,20,14
10/31/2023,Cassava,15,20,20
10/30/2023,Gabi (bisol),30,40,20
10/30/2023,Kamote,30,30,14
10/30/2023,Karlang,25,20,14
10/30/2023,Cassava,15,20,20
10/29/2023,Gabi (bisol),30,35,20
10/29/2023,Kamote,30,30,14
10/29/2023,Karlang,25,20,14
10/29/2023,Cassava,15,20,20
10/28/2023,Gabi (bisol),30,47,20
10/28/2023,Kamote,30,30,14
10/28/2023,Karlang,25,20,14
10/28/2023,Cassava,15,20,20
10/27/2023,Gabi (bisol),30,35,20
10/27/2023,Kamote,30,30,14
10/27/2023,Karlang,25,20,13
10/27/2023,Cassava,15,20,20
10/26/2023,Gabi (bisol),30,80,20
10/26/2023,Kamote,30,35,14
10/26/2023,Karlang,25,45,13
10/26/2023,Cassava,15,20,20
10/25/2023,Gabi (bisol),30,35,20
10/25/2023,Kamote,25,25,18
10/25/2023,Karlang,15,20,13
10/25/2023,Cassava,15,20,20
10/24/2023,Gabi (bisol),30,25,20
10/24/2023,Kamote,25,25,18
10/24/2023,Karlang,15,20,13
10/24/2023,Cassava,15,20,20
10/23/2023,Gabi (bisol),30,30,20
10/23/2023,Kamote,25,25,18
10/23/2023,Karlang,15,20,13
10/23/2023,Cassava,15,20,20
10/22/2023,Gabi (bisol),30,35,20
10/22/2023,Kamote,25,25,18
10/22/2023,Karlang,15,20,13
10/22/2023,Cassava,15,20,20
10/21/2023,Gabi (bisol),30,40,20
10/21/2023,Kamote,25,25,18
10/21/2023,Karlang,15,20,13
10/21/2023,Cassava,15,20,20
10/20/2023,Gabi (bisol),30,40,20
10/20/2023,Kamote,25,30,18
10/20/2023,Karlang,15,20,14
10/20/2023,Cassava,15,20,20
10/19/2023,Gabi (bisol),30,35,20
10/19/2023,Kamote,20,45,15
10/19/2023,Karlang,20,18,13
10/19/2023,Cassava,15,40,10
10/18/2023,Gabi (bisol),30,18,15
10/18/2023,Kamote,25,30,13
10/18/2023,Karlang,15,20,10
10/18/2023,Cassava,15,20,20
10/17/2023,Gabi (bisol),30,25,15
10/17/2023,Kamote,45,30,13
10/17/2023,Karlang,35,20,10
10/17/2023,Cassava,30,20,13
10/16/2023,Gabi (bisol),30,25,10
10/16/2023,Kamote,20,30,15
10/16/2023,Karlang,20,20,13
10/16/2023,Cassava,15,20,10
10/15/2023,Gabi (bisol),30,40,20
10/15/2023,Kamote,20,30,15
10/15/2023,Karlang,20,20,13
10/15/2023,Cassava,15,20,10
10/14/2023,Gabi (bisol),30,18,20
10/14/2023,Kamote,20,30,15
10/14/2023,Karlang,20,20,13
10/14/2023,Cassava,15,20,10
10/13/2023,Gabi (bisol),30,18,20
10/13/2023,Kamote,25,30,15
10/13/2023,Karlang,15,20,13
10/13/2023,Cassava,15,20,10
10/12/2023,Gabi (bisol),30,18,20
10/12/2023,Kamote,30,30,15
10/12/2023,Karlang,15,35,13
10/12/2023,Cassava,18,20,10
10/11/2023,Gabi (bisol),25,35,20
10/11/2023,Kamote,28,30,15
10/11/2023,Karlang,18,20,13
10/11/2023,Cassava,18,20,10
10/10/2023,Gabi (bisol),28,35,20
10/10/2023,Kamote,28,30,15
10/10/2023,Karlang,18,20,13
10/10/2023,Cassava,18,20,10
10/9/2023,Gabi (bisol),25,35,30
10/9/2023,Kamote,20,30,25
10/9/2023,Karlang,20,30,15
10/9/2023,Cassava,12,15,20
10/8/2023,Gabi (bisol),28,35,21
10/8/2023,Kamote,28,30,15
10/8/2023,Karlang,18,20,13
10/8/2023,Cassava,18,20,18
10/7/2023,Gabi (bisol),25,35,21
10/7/2023,Kamote,28,30,15
10/7/2023,Karlang,18,20,13
10/7/2023,Cassava,18,20,15
10/6/2023,Gabi (bisol),28,35,25
10/6/2023,Kamote,28,30,17
10/6/2023,Karlang,18,20,13
10/6/2023,Cassava,18,20,12
10/5/2023,Gabi (bisol),24,35,21
10/5/2023,Kamote,20,30,18
10/5/2023,Karlang,20,30,13
10/5/2023,Cassava,12,15,18
10/4/2023,Gabi (bisol),25,50,21
10/4/2023,Kamote,28,30,15
10/4/2023,Karlang,18,20,13
10/4/2023,Cassava,18,20,18
10/3/2023,Gabi (bisol),30,35,20
10/3/2023,Kamote,20,30,15
10/3/2023,Karlang,20,25,13
10/3/2023,Cassava,20,25,18
